model,feature,importance,model_weight
xgb,mu,0.212421251083687,0.15
xgb,vol,0.2662696997088015,0.15
xgb,m6,0.23590324735064788,0.15
xgb,m12,0.2854058018568636,0.15
